HasHashtags,EngagementRate,Reach,Likes,NumHashtags
No hashtags,3.1980044411624924,111.64925373134328,2.68407960199005,0.0
Has hashtags,15.082643428036814,2171.1676300578033,98.74566473988439,10.375722543352602
