HasHashtags,EngagementRate,Reach,Likes,NumHashtags
No hashtags,3.197985727932118,111.65174129353234,2.68407960199005,0.0
Has hashtags,15.006775148611414,724.046511627907,41.48837209302326,10.395348837209303
