HasHashtags,EngagementRate,Reach,Likes,NumHashtags
No hashtags,3.197985727932118,111.65174129353234,2.68407960199005,0.0
Has hashtags,15.134389953175342,723.2674418604652,41.5,10.395348837209303
